,City,Country,Latitude,Longitude,Date,Cloudiness,Humidity,Max Temp,Wind Speed
0,lata,PT,40.1629,-8.3327,1585239110.0,75.0,67.0,59.0,11.41
1,avarua,CK,-21.2078,-159.775,1585239300.0,20.0,94.0,73.4,2.24
2,kaitangata,NZ,-46.2817,169.8464,1585239073.0,100.0,78.0,48.99,1.99
3,rikitea,PF,-23.1203,-134.9692,1585239300.0,89.0,88.0,75.33,24.49
4,ushuaia,AR,-54.8,-68.3,1585239291.0,40.0,53.0,51.8,16.11
5,terra santa,BR,-2.1042,-56.4869,1585239263.0,100.0,66.0,86.67,4.25
6,mataura,NZ,-46.1927,168.8643,1585239375.0,98.0,79.0,48.99,3.18
7,upernavik,GL,72.7868,-56.1549,1585239268.0,100.0,72.0,-1.89,10.87
8,praia da vitoria,PT,38.7333,-27.0667,1585239263.0,40.0,58.0,59.0,8.55
9,barrow,US,71.2906,-156.7887,1585239370.0,1.0,75.0,-18.4,11.41
10,hobart,AU,-42.8794,147.3294,1585238943.0,54.0,81.0,48.99,3.36
11,jalu,LY,29.0331,21.5482,1585238703.0,0.0,36.0,77.31,24.09
12,sur,OM,22.5667,59.5289,1585238943.0,57.0,68.0,72.99,7.85
13,iqaluit,CA,63.7506,-68.5145,1585239371.0,90.0,78.0,10.0,5.82
14,tuktoyaktuk,CA,69.4541,-133.0374,1585239374.0,90.0,83.0,-7.6,14.99
15,portland,US,45.5234,-122.6762,1585239362.0,90.0,100.0,42.01,4.03
16,kavaratti,IN,10.5669,72.642,1585238731.0,53.0,66.0,83.97,3.91
17,kodiak,US,57.79,-152.4072,1585239370.0,1.0,86.0,42.8,8.05
19,baracoa,CU,20.3467,-74.4958,1585239282.0,32.0,71.0,76.59,5.48
20,coquimbo,CL,-29.9533,-71.3436,1585239295.0,90.0,77.0,64.4,8.05
21,suraabad,AZ,40.8192,49.4687,1585238716.0,0.0,87.0,48.2,6.93
22,colac,AU,-38.3333,143.5833,1585239068.0,53.0,98.0,55.0,1.01
23,thompson,CA,55.7435,-97.8558,1585239374.0,75.0,73.0,23.0,6.93
24,new norfolk,AU,-42.7826,147.0587,1585239063.0,97.0,81.0,48.99,3.36
25,goderich,CA,43.7501,-81.7165,1585239371.0,72.0,85.0,51.01,13.82
26,butaritari,KI,3.0707,172.7902,1585239059.0,100.0,84.0,80.19,25.66
27,hithadhoo,MV,-0.6,73.0833,1585238733.0,16.0,70.0,83.97,11.52
28,severo-kurilsk,RU,50.6789,156.125,1585239059.0,100.0,95.0,31.59,12.68
30,hasaki,JP,35.7333,140.8333,1585238958.0,0.0,93.0,44.6,2.24
31,alofi,NU,-19.0595,-169.9187,1585239300.0,40.0,100.0,66.2,1.12
32,busselton,AU,-33.65,115.3333,1585239059.0,23.0,26.0,77.0,10.0
33,nikolskoye,RU,59.7035,30.7861,1585238714.0,20.0,56.0,45.0,6.71
34,atuona,PF,-9.8,-139.0333,1585239300.0,33.0,67.0,82.71,10.02
35,fukue,JP,32.6881,128.8419,1585238957.0,100.0,88.0,67.41,27.98
36,taoudenni,ML,22.6783,-3.9836,1585239078.0,0.0,9.0,87.93,8.25
37,albany,US,42.6001,-73.9662,1585239344.0,20.0,49.0,51.01,6.93
38,qaanaaq,GL,77.484,-69.3632,1585239291.0,100.0,81.0,-11.07,4.92
39,arraial do cabo,BR,-22.9661,-42.0278,1585239277.0,40.0,69.0,78.8,8.05
40,shelburne,CA,44.0787,-80.2041,1585239374.0,90.0,71.0,52.0,8.05
41,saint anthony,US,45.0205,-93.218,1585239344.0,1.0,69.0,42.01,3.36
42,saint george,US,37.1041,-113.5841,1585239362.0,20.0,42.0,48.2,8.05
43,kitui,KE,-1.367,38.0106,1585238943.0,99.0,72.0,77.85,7.25
44,slyudyanka,RU,51.6594,103.7061,1585238957.0,100.0,91.0,4.95,4.7
45,najran,SA,17.4924,44.1277,1585238943.0,0.0,19.0,86.0,9.17
46,tahoua,NE,14.8888,5.2692,1585238959.0,11.0,10.0,98.6,13.87
47,belyy yar,RU,53.6039,91.3903,1585238734.0,0.0,46.0,28.4,4.47
48,isiro,CD,2.7739,27.616,1585238943.0,57.0,40.0,88.65,1.61
50,bluff,NZ,-46.6,168.3333,1585239073.0,63.0,79.0,48.99,4.65
51,katherine,AU,-14.4667,132.2667,1585239059.0,11.0,69.0,80.6,5.82
52,bulgan,MN,48.8125,103.5347,1585238957.0,39.0,47.0,14.85,4.68
53,te anau,NZ,-45.4167,167.7167,1585239072.0,95.0,89.0,44.01,5.73
54,sarkand,KZ,45.41,79.9186,1585238953.0,0.0,52.0,35.37,2.84
55,nome,US,64.5011,-165.4064,1585239370.0,1.0,76.0,14.0,5.82
56,liverpool,GB,53.4106,-2.9779,1585238958.0,0.0,26.0,63.0,5.82
57,gusau,NG,12.1628,6.6614,1585238959.0,30.0,12.0,98.73,9.04
59,kropotkin,RU,45.4375,40.5756,1585238945.0,61.0,45.0,55.53,13.47
60,bilibino,RU,68.0546,166.4372,1585239059.0,51.0,93.0,-9.09,4.07
61,aklavik,CA,68.2191,-135.0107,1585239370.0,90.0,70.0,-0.4,14.99
63,richards bay,ZA,-28.783,32.0377,1585238948.0,100.0,74.0,74.43,32.77
64,pevek,RU,69.7008,170.3133,1585239059.0,87.0,99.0,-5.67,1.54
65,longavi,CL,-35.9667,-71.6833,1585239295.0,0.0,21.0,81.09,4.05
67,saint-augustin,CA,51.226,-58.6502,1585239374.0,100.0,88.0,29.43,6.58
68,erzin,TR,36.9559,36.2,1585238944.0,90.0,40.0,71.6,9.17
69,kapaa,US,22.0752,-159.319,1585239363.0,40.0,69.0,73.4,17.22
70,port blair,IN,11.6667,92.75,1585238950.0,26.0,73.0,81.45,11.05
71,hilo,US,19.7297,-155.09,1585239363.0,90.0,88.0,66.2,5.82
72,castro,BR,-24.7911,-50.0119,1585239272.0,30.0,37.0,75.69,3.78
73,port alfred,ZA,-33.5906,26.891,1585238948.0,61.0,79.0,62.01,8.99
75,mar del plata,AR,-38.0023,-57.5575,1585239268.0,40.0,77.0,69.8,17.22
76,kattivakkam,IN,13.2167,80.3167,1585238951.0,20.0,70.0,84.2,9.17
77,gravdal,NO,68.1214,13.5031,1585239241.0,75.0,75.0,41.0,10.29
78,yellowknife,CA,62.456,-114.3525,1585239375.0,75.0,72.0,15.8,14.99
79,tura,IN,25.5198,90.2201,1585238949.0,0.0,38.0,78.93,3.38
80,east london,ZA,-33.0153,27.9116,1585238948.0,26.0,63.0,62.6,19.46
81,nabire,ID,-3.3667,135.4833,1585238954.0,100.0,95.0,73.71,1.68
82,san quintin,MX,30.4833,-115.95,1585239295.0,100.0,72.0,56.61,20.87
83,maceio,BR,-9.6658,-35.7353,1585239267.0,75.0,62.0,87.8,6.93
84,hermanus,ZA,-34.4187,19.2345,1585238965.0,67.0,65.0,66.0,5.01
87,adrar,MR,20.5022,-10.0711,1585239077.0,86.0,12.0,85.05,3.76
88,naze,JP,28.3667,129.4833,1585238957.0,75.0,77.0,69.8,10.29
89,codrington,AU,-38.2667,141.9667,1585239068.0,100.0,79.0,58.59,11.9
90,vaini,TO,-21.2,-175.2,1585239300.0,20.0,88.0,73.4,4.7
91,honiara,SB,-9.4333,159.95,1585238958.0,20.0,94.0,75.2,2.24
92,punta arenas,CL,-53.15,-70.9167,1585239295.0,75.0,62.0,53.6,28.86
93,belen,TR,36.4891,36.2233,1585238944.0,75.0,53.0,71.6,3.36
94,aykhal,RU,66.0,111.5,1585238957.0,2.0,77.0,1.4,2.24
95,skibbereen,IE,51.55,-9.2667,1585239174.0,40.0,58.0,55.4,10.29
96,solnechnyy,RU,50.7214,136.6319,1585239051.0,100.0,98.0,31.23,5.44
97,vardo,NO,70.3705,31.1107,1585238726.0,75.0,64.0,37.4,21.92
98,newtonmore,GB,57.066,-4.1192,1585239096.0,40.0,66.0,48.2,3.36
99,ahipara,NZ,-35.1667,173.1667,1585239073.0,29.0,67.0,65.25,9.57
100,cehegin,ES,38.0924,-1.7985,1585238954.0,20.0,28.0,68.0,10.29
101,dunedin,NZ,-45.8742,170.5036,1585238959.0,66.0,78.0,53.01,18.9
102,leiyang,CN,26.4024,112.8591,1585238948.0,6.0,79.0,72.81,5.77
103,chokurdakh,RU,70.6333,147.9167,1585239059.0,100.0,86.0,-11.25,4.85
104,muros,ES,42.7762,-9.0603,1585239232.0,0.0,58.0,64.99,10.29
105,wasilla,US,61.5814,-149.4394,1585239370.0,20.0,86.0,30.99,2.04
106,sa kaeo,TH,13.8141,102.0722,1585238953.0,74.0,63.0,83.79,3.51
107,bam,IR,29.106,58.357,1585238943.0,100.0,33.0,65.07,8.39
108,rajo khanani,PK,24.9841,68.8536,1585238729.0,100.0,51.0,70.83,21.05
109,whitehorse,CA,60.7161,-135.0538,1585239374.0,20.0,85.0,24.01,4.7
110,rapid valley,US,44.0625,-103.1463,1585239363.0,90.0,87.0,35.01,6.93
111,omboue,GA,-1.5746,9.2618,1585239077.0,100.0,66.0,85.77,7.23
112,palamas,GR,39.4667,22.0833,1585238706.0,90.0,87.0,48.2,4.14
113,twante,MM,16.7167,95.9333,1585238953.0,0.0,69.0,80.6,8.05
114,dingle,PH,10.9995,122.6711,1585238737.0,1.0,79.0,76.41,12.35
116,namibe,AO,-15.1961,12.1522,1585239262.0,75.0,78.0,78.8,13.87
117,montataire,FR,49.2561,2.4389,1585239195.0,0.0,29.0,53.01,16.11
118,georgetown,MY,5.4112,100.3354,1585238955.0,20.0,88.0,82.4,1.43
119,saldanha,ZA,-33.0117,17.9442,1585238965.0,0.0,40.0,68.0,24.16
120,san patricio,MX,19.2167,-104.7,1585239295.0,75.0,94.0,75.2,5.82
121,alappuzha,IN,9.49,76.3264,1585238952.0,100.0,80.0,80.01,2.57
122,juneau,US,58.3019,-134.4197,1585239362.0,90.0,93.0,36.0,3.36
123,provideniya,RU,64.3833,-173.3,1585239300.0,100.0,95.0,18.63,5.68
124,mareeba,AU,-17.0,145.4333,1585239067.0,75.0,94.0,73.99,13.87
125,camana,PE,-16.6228,-72.7111,1585239295.0,100.0,79.0,66.87,6.71
126,haines junction,CA,60.7522,-137.5108,1585239371.0,85.0,97.0,10.89,2.06
127,talnakh,RU,69.4865,88.3972,1585238953.0,75.0,92.0,24.8,24.61
128,bredasdorp,ZA,-34.5322,20.0403,1585238728.0,93.0,32.0,66.2,10.29
129,huarmey,PE,-10.0681,-78.1522,1585239295.0,59.0,63.0,77.49,6.31
130,qaqortoq,GL,60.7167,-46.0333,1585239268.0,20.0,29.0,24.8,2.24
131,kenai,US,60.5544,-151.2583,1585239370.0,90.0,85.0,19.4,4.12
132,lunenburg,CA,44.3835,-64.3155,1585239371.0,100.0,95.0,35.01,4.0
133,crotone,IT,39.0851,17.1178,1585238884.0,75.0,82.0,55.4,3.36
134,umm kaddadah,SD,13.6017,26.6876,1585238710.0,0.0,6.0,101.07,3.49
135,arman,RU,59.7,150.1667,1585239059.0,0.0,73.0,18.81,7.65
136,bathsheba,BB,13.2167,-59.5167,1585239263.0,40.0,55.0,86.0,14.99
137,pringsewu,ID,-5.3582,104.9744,1585238735.0,100.0,97.0,73.35,2.53
139,pisco,PE,-13.7,-76.2167,1585239295.0,90.0,30.0,73.0,6.93
140,kurduvadi,IN,18.0833,75.4333,1585238951.0,100.0,23.0,92.25,6.4
141,tuatapere,NZ,-46.1333,167.6833,1585239072.0,99.0,79.0,48.99,2.08
142,nelson bay,AU,-32.7167,152.15,1585239063.0,90.0,100.0,64.0,5.82
143,botou,CN,38.0667,116.5667,1585238948.0,98.0,22.0,46.71,8.86
144,norman wells,CA,65.282,-126.8329,1585239372.0,75.0,83.0,-4.0,3.36
145,torbay,CA,47.6666,-52.7314,1585239374.0,75.0,87.0,36.0,12.75
146,chuy,UY,-33.6971,-53.4616,1585239268.0,100.0,73.0,74.61,7.99
147,saint-pierre,RE,-21.3393,55.4781,1585238948.0,0.0,74.0,78.8,8.05
148,oytal,KZ,42.9057,73.2697,1585238734.0,0.0,48.0,43.47,3.89
149,moose factory,CA,51.2585,-80.6094,1585239372.0,90.0,72.0,12.2,4.81
150,rosetta,EG,31.4044,30.4164,1585238944.0,40.0,72.0,64.4,13.87
151,disna,BY,55.568,28.1971,1585238717.0,0.0,43.0,47.79,3.04
152,cayenne,GF,4.9333,-52.3333,1585239263.0,90.0,83.0,80.6,3.36
153,jamestown,US,42.097,-79.2353,1585239345.0,1.0,62.0,57.99,13.87
154,hailar,CN,49.2,119.7,1585238948.0,83.0,70.0,13.41,16.6
155,toamasina,MG,-18.1667,49.3833,1585238948.0,40.0,83.0,80.6,5.48
156,kochki,RU,54.3358,80.4806,1585238733.0,25.0,88.0,19.17,15.1
157,alice springs,AU,-23.7,133.8833,1585238943.0,0.0,46.0,71.6,5.82
158,vangaindrano,MG,-23.35,47.6,1585238948.0,67.0,95.0,75.33,4.03
159,ilulissat,GL,69.2167,-51.1,1585239268.0,75.0,65.0,3.2,23.04
160,clyde river,CA,70.4692,-68.5914,1585239371.0,75.0,64.0,-0.4,19.46
161,cape town,ZA,-33.9258,18.4232,1585238965.0,20.0,42.0,66.0,19.46
162,puerto ayora,EC,-0.7393,-90.3518,1585239286.0,40.0,78.0,81.0,11.41
163,thinadhoo,MV,0.5333,72.9333,1585238733.0,16.0,71.0,83.79,13.18
164,svetlogorsk,BY,52.6333,29.7333,1585239502.0,30.0,59.0,42.57,5.91
165,hambantota,LK,6.1241,81.1185,1585238730.0,20.0,83.0,78.8,6.93
166,port hawkesbury,CA,45.6169,-61.3485,1585239374.0,90.0,92.0,33.01,16.11
167,cleethorpes,GB,53.5605,-0.0323,1585238958.0,0.0,62.0,55.4,10.29
168,karasjok,NO,69.4719,25.5112,1585238726.0,40.0,55.0,39.2,41.38
169,hailey,US,43.5196,-114.3153,1585239362.0,5.0,57.0,21.2,9.17
170,mahajanga,MG,-15.7167,46.3167,1585238948.0,20.0,74.0,84.2,8.05
171,cidreira,BR,-30.1811,-50.2056,1585239272.0,79.0,76.0,72.81,12.59
172,port victoria,KE,0.0939,33.9756,1585238706.0,98.0,74.0,73.89,9.35
173,santo antonio do ica,BR,-3.1022,-67.9397,1585239286.0,100.0,92.0,78.75,0.45
174,rantoul,US,40.3084,-88.1559,1585239336.0,75.0,100.0,57.2,8.05
175,warrington,GB,53.3925,-2.5802,1585238959.0,0.0,26.0,63.0,5.82
176,moroto,UG,2.5345,34.6666,1585238706.0,97.0,58.0,76.41,8.28
177,poltavka,RU,54.3663,71.7632,1585238733.0,78.0,70.0,25.65,16.06
178,carroll,US,39.5501,-77.0164,1585239311.0,90.0,71.0,54.0,5.82
179,sept-iles,CA,50.2001,-66.3821,1585239374.0,20.0,64.0,35.6,13.87
180,lebu,CL,-37.6167,-73.65,1585239295.0,0.0,50.0,72.63,4.59
181,barentu,ER,15.1139,37.5928,1585238944.0,11.0,6.0,93.87,11.61
182,cabedelo,BR,-6.9811,-34.8339,1585239267.0,40.0,66.0,87.8,6.93
183,victoria,HK,22.2855,114.1577,1585238956.0,20.0,78.0,77.0,5.82
184,gvardeysk,RU,54.6477,21.0651,1585238715.0,32.0,45.0,46.4,6.71
185,keti bandar,PK,24.1447,67.4497,1585238729.0,100.0,57.0,75.15,20.42
187,cabo san lucas,MX,22.8909,-109.9124,1585239295.0,5.0,41.0,79.0,6.22
188,dikson,RU,73.5069,80.5464,1585238734.0,100.0,93.0,21.15,12.03
189,muroto,JP,33.2833,134.15,1585238957.0,100.0,98.0,57.15,8.79
190,cesvaine,LV,56.9667,26.3167,1585238711.0,0.0,46.0,47.43,5.37
191,port elizabeth,ZA,-33.918,25.5701,1585238948.0,7.0,55.0,64.4,29.97
192,makakilo city,US,21.3469,-158.0858,1585239363.0,90.0,82.0,73.4,4.7
193,presque isle,US,46.6811,-68.0159,1585239337.0,1.0,59.0,43.0,6.93
194,port moresby,PG,-9.4431,147.1797,1585238958.0,20.0,100.0,77.0,6.93
195,turukhansk,RU,65.8167,87.9833,1585238733.0,99.0,93.0,30.87,10.18
196,jijiga,ET,9.35,42.8,1585238944.0,3.0,34.0,71.37,12.39
197,tecoanapa,MX,16.5167,-98.75,1585239277.0,0.0,43.0,87.03,0.72
198,carnarvon,AU,-24.8667,113.6333,1585239059.0,27.0,94.0,78.8,12.75
199,ribas do rio pardo,BR,-20.4431,-53.7592,1585239269.0,0.0,64.0,81.27,11.68
200,agirish,RU,61.9247,63.0231,1585238734.0,33.0,80.0,31.95,11.27
201,goya,AR,-29.14,-59.2626,1585239268.0,100.0,33.0,84.69,4.99
202,narsaq,GL,60.9167,-46.05,1585239268.0,20.0,29.0,24.8,2.24
203,nakambala,ZM,-15.8324,27.7799,1585238728.0,100.0,81.0,74.25,3.22
205,akdepe,TM,42.0551,59.3788,1585238716.0,0.0,11.0,50.0,4.7
206,port macquarie,AU,-31.4333,152.9167,1585238943.0,31.0,100.0,62.6,6.93
207,guarapari,BR,-20.6667,-40.4975,1585239272.0,40.0,65.0,80.6,11.41
208,cherskiy,RU,68.75,161.3,1585239059.0,50.0,100.0,-15.21,1.9
209,tautira,PF,-17.7333,-149.15,1585239300.0,100.0,83.0,78.8,2.24
210,san vicente,AR,-26.6167,-54.1333,1585239268.0,16.0,34.0,84.51,4.29
212,belmonte,BR,-15.8631,-38.8828,1585239277.0,75.0,61.0,82.4,9.17
214,tucumcari,US,35.1717,-103.725,1585239361.0,1.0,32.0,71.01,12.75
215,pacifica,US,37.6138,-122.4869,1585239356.0,20.0,66.0,50.0,3.36
217,mahebourg,MU,-20.4081,57.7,1585238948.0,40.0,78.0,80.6,6.93
218,sao miguel do araguaia,BR,-13.275,-50.1628,1585239268.0,8.0,71.0,83.97,4.12
219,chicama,PE,-7.8447,-79.1469,1585239291.0,38.0,78.0,73.4,9.17
220,stettler,CA,52.3168,-112.7186,1585239374.0,54.0,78.0,18.63,10.96
221,san-pedro,CI,4.7485,-6.6363,1585238947.0,1.0,75.0,82.53,9.37
223,port lincoln,AU,-34.7333,135.8667,1585239056.0,100.0,71.0,62.19,7.92
224,catarama,EC,-1.5833,-79.4667,1585239286.0,95.0,85.0,79.29,2.53
225,candelaria,PH,13.9311,121.4233,1585238955.0,49.0,86.0,80.01,1.01
226,fairbanks,US,64.8378,-147.7164,1585239370.0,75.0,57.0,23.0,19.46
227,santo augusto,BR,-27.8508,-53.7772,1585239269.0,14.0,33.0,87.8,8.05
228,margate,GB,51.3813,1.3862,1585238958.0,0.0,49.0,50.0,14.99
230,yenagoa,NG,4.9247,6.2642,1585238959.0,84.0,49.0,91.17,3.18
231,tateyama,JP,34.9833,139.8667,1585238956.0,9.0,93.0,53.6,3.36
232,manturovo,RU,58.3353,44.7619,1585238945.0,73.0,86.0,38.97,6.42
233,ancud,CL,-41.8697,-73.8203,1585239295.0,0.0,59.0,66.2,4.7
234,san cristobal,VE,7.7669,-72.225,1585239286.0,40.0,69.0,82.4,4.7
235,caravelas,BR,-17.7125,-39.2481,1585239272.0,33.0,69.0,78.75,16.75
236,miranda de ebro,ES,42.6865,-2.947,1585238955.0,75.0,45.0,53.6,12.75
237,broome,US,42.2506,-75.833,1585239344.0,1.0,75.0,51.01,6.93
238,tungor,RU,53.3808,142.9564,1585239059.0,86.0,98.0,20.97,8.81
239,koshurnikovo,RU,54.1667,93.3,1585238733.0,67.0,87.0,18.27,3.18
240,mubende,UG,0.5606,31.39,1585238943.0,91.0,69.0,74.61,2.39
241,constitucion,CL,-35.3333,-72.4167,1585239295.0,0.0,60.0,67.95,6.11
242,oussouye,SN,12.485,-16.5469,1585239073.0,62.0,51.0,96.8,6.93
243,denizli,TR,37.8402,29.0698,1585238709.0,75.0,44.0,60.8,12.75
244,novopokrovka,UA,49.8425,36.5477,1585238723.0,0.0,20.0,53.6,11.18
246,pratapgarh,IN,24.0333,74.7833,1585238950.0,100.0,68.0,72.63,11.9
247,camacha,PT,33.0833,-16.3333,1585239073.0,20.0,67.0,62.6,3.36
248,nanortalik,GL,60.1432,-45.2371,1585239268.0,0.0,49.0,24.57,17.47
249,guerrero negro,MX,27.9769,-114.0611,1585239300.0,100.0,67.0,59.85,22.26
250,alad,PH,12.6168,122.2475,1585238741.0,91.0,79.0,79.65,14.92
251,conceicao do araguaia,BR,-8.2578,-49.2647,1585239267.0,75.0,70.0,84.2,5.82
252,ribeira grande,PT,38.5167,-28.7,1585239263.0,98.0,68.0,51.75,3.11
253,wanning,CN,18.8003,110.3967,1585238949.0,0.0,87.0,76.59,8.95
254,lagoa,PT,39.05,-27.9833,1585239263.0,100.0,58.0,54.99,8.81
255,luderitz,NA,-26.6481,15.1594,1585238965.0,12.0,49.0,69.8,28.86
257,plettenberg bay,ZA,-34.0527,23.3716,1585238948.0,10.0,59.0,60.57,12.97
258,ukiah,US,39.1502,-123.2078,1585239356.0,1.0,83.0,42.01,2.48
259,conde,BR,-7.2597,-34.9075,1585239263.0,40.0,66.0,87.8,6.93
260,nemuro,JP,43.3236,145.575,1585238958.0,0.0,82.0,29.79,6.85
261,nagato,JP,34.3833,131.2,1585238957.0,75.0,93.0,60.8,11.41
262,norsup,VU,-16.0667,167.3833,1585239060.0,75.0,100.0,75.2,2.24
263,yining,CN,29.0361,114.5636,1585238741.0,100.0,89.0,66.33,2.71
264,flinders,AU,-34.5833,150.8552,1585239375.0,75.0,100.0,63.0,4.7
265,santiago,CL,-33.4569,-70.6483,1585239295.0,0.0,44.0,81.0,4.7
267,teacapan,MX,22.55,-105.75,1585239295.0,0.0,59.0,75.87,2.42
268,kirakira,SB,-10.4544,161.9205,1585239072.0,99.0,81.0,78.21,3.04
269,manokwari,ID,-0.8667,134.0833,1585238954.0,95.0,88.0,73.53,4.56
270,iranshahr,IR,27.2025,60.6848,1585238948.0,40.0,25.0,77.0,11.41
271,gallup,US,35.5281,-108.7426,1585239356.0,20.0,34.0,51.8,27.51
272,hamilton,US,39.1834,-84.5333,1585239323.0,1.0,59.0,63.0,9.17
273,morehead,US,37.2711,-87.1764,1585239311.0,1.0,52.0,69.8,9.17
274,bathurst,AU,-33.4166,149.5806,1585238943.0,37.0,99.0,52.0,1.99
275,gat,IL,31.61,34.7642,1585238943.0,75.0,60.0,69.8,5.82
276,bethel,US,41.3712,-73.414,1585239351.0,1.0,56.0,52.0,11.41
277,kiunga,PG,-6.1219,141.2906,1585239059.0,97.0,98.0,74.07,0.81
279,kurskaya,RU,44.05,44.45,1585238711.0,66.0,47.0,53.19,12.57
280,lida,BY,53.8833,25.2997,1585238946.0,0.0,41.0,46.71,3.65
281,rabak,SD,13.1809,32.74,1585238944.0,51.0,5.0,104.85,11.21
282,poum,NC,-20.2333,164.0167,1585239060.0,0.0,79.0,79.29,22.59
283,manzil salim,TN,35.8567,8.4765,1585239078.0,40.0,32.0,53.6,9.17
284,panguna,PG,-6.3164,155.4848,1585239059.0,100.0,89.0,69.93,2.3
285,opuwo,NA,-18.0607,13.84,1585239262.0,97.0,37.0,84.51,7.38
286,kruisfontein,ZA,-34.0033,24.7314,1585238948.0,0.0,56.0,59.49,18.63
287,victor harbor,AU,-35.5667,138.6167,1585239056.0,100.0,81.0,59.0,3.78
288,deputatskiy,RU,69.3,139.9,1585239055.0,100.0,100.0,-14.67,2.59
289,acapulco,MX,16.8634,-99.8901,1585239282.0,5.0,61.0,82.4,4.7
290,rio gallegos,AR,-51.6226,-69.2181,1585239291.0,100.0,48.0,60.8,9.17
291,diadema,BR,-23.6861,-46.6228,1585239272.0,20.0,44.0,80.6,3.36
292,mount isa,AU,-20.7333,139.5,1585238943.0,32.0,37.0,82.4,10.29
293,kahului,US,20.8947,-156.47,1585239363.0,1.0,82.0,68.0,18.34
294,xining,CN,36.6167,101.7667,1585238949.0,1.0,41.0,31.05,8.95
295,bengkulu,ID,-3.8004,102.2655,1585238954.0,100.0,92.0,76.05,2.57
296,ballina,AU,-28.8667,153.5667,1585239072.0,90.0,93.0,66.2,6.93
297,san luis rio colorado,MX,32.4631,-114.7767,1585239295.0,40.0,38.0,59.0,16.11
298,anadyr,RU,64.75,177.4833,1585239059.0,90.0,92.0,23.0,44.74
299,komsomolskiy,UZ,40.4272,71.7189,1585238734.0,100.0,50.0,55.4,4.7
300,salinopolis,BR,-0.6136,-47.3561,1585239263.0,58.0,80.0,81.45,8.84
301,isetskoye,RU,56.4858,65.3226,1585238734.0,100.0,86.0,34.47,16.42
302,metro,ID,-5.1131,105.3067,1585238954.0,100.0,91.0,76.23,3.47
303,kendari,ID,-3.945,122.4989,1585238954.0,7.0,91.0,76.59,0.98
304,beatrice,US,40.2681,-96.747,1585239344.0,90.0,93.0,46.99,10.29
306,kuntaur,GM,13.6667,-14.8833,1585239078.0,23.0,7.0,104.85,0.89
307,palana,RU,59.1167,159.9667,1585239059.0,100.0,96.0,29.43,12.84
308,vao,NC,-22.6667,167.4833,1585239060.0,9.0,77.0,76.59,18.41
309,bambous virieux,MU,-20.3428,57.7575,1585238729.0,40.0,78.0,80.6,6.93
310,tasiilaq,GL,65.6145,-37.6368,1585239268.0,20.0,66.0,14.0,18.34
311,gibraleon,ES,37.3763,-6.969,1585239086.0,0.0,33.0,70.0,11.01
312,karasuk,RU,53.7377,78.0403,1585238953.0,35.0,87.0,20.43,13.58
313,gladstone,AU,-23.85,151.25,1585238943.0,40.0,78.0,73.4,6.93
314,yunyang,CN,33.4474,112.7142,1585238949.0,100.0,73.0,46.35,15.08
315,geraldton,AU,-28.7667,114.6,1585238943.0,0.0,50.0,75.2,8.05
316,kamenka,RU,51.3223,42.7678,1585238714.0,37.0,86.0,37.17,5.86
317,laguna,US,38.421,-121.4238,1585239356.0,90.0,81.0,48.2,4.7
318,palmer,US,42.1584,-72.3287,1585239337.0,20.0,39.0,50.0,8.05
319,khatanga,RU,71.9667,102.5,1585239055.0,0.0,90.0,-2.61,7.11
320,yenangyaung,MM,20.4667,94.8833,1585238953.0,0.0,59.0,76.77,6.42
321,abu samrah,SY,35.3029,37.1841,1585238705.0,80.0,43.0,64.53,7.2
322,bilma,NE,18.6853,12.9164,1585239078.0,0.0,6.0,96.03,16.78
323,noumea,NC,-22.2763,166.4572,1585238958.0,40.0,88.0,71.6,5.82
324,tecolutla,MX,20.4833,-97.0167,1585239277.0,90.0,94.0,77.0,5.82
325,peniche,PT,39.3558,-9.3811,1585238958.0,20.0,59.0,61.0,13.87
326,fortuna,US,40.5982,-124.1573,1585239362.0,75.0,93.0,43.0,6.93
327,oudtshoorn,ZA,-33.5907,22.2014,1585238948.0,40.0,63.0,60.8,9.17
328,aleksandrov gay,RU,50.147,48.5704,1585238716.0,84.0,38.0,48.87,4.74
329,nizwa,OM,22.9333,57.5333,1585238943.0,41.0,27.0,71.55,10.02
332,sousa,BR,-6.7592,-38.2281,1585239263.0,100.0,87.0,74.97,2.37
334,itarema,BR,-2.9248,-39.9167,1585239263.0,100.0,65.0,89.37,1.66
335,robertsport,LR,6.7533,-11.3686,1585239077.0,0.0,74.0,82.89,7.05
336,santa cruz,BO,-17.8,-63.1667,1585239295.0,75.0,83.0,77.0,17.22
337,vernon,CA,50.2581,-119.2691,1585239374.0,90.0,79.0,28.99,3.36
338,airai,TL,-8.9266,125.4092,1585238735.0,99.0,95.0,67.95,1.83
339,coahuayana,MX,18.7333,-103.6833,1585239300.0,20.0,94.0,69.8,2.55
340,tiksi,RU,71.6872,128.8694,1585239051.0,0.0,89.0,-17.01,3.04
341,prince rupert,CA,54.3161,-130.3201,1585239374.0,90.0,93.0,37.4,11.41
342,mbaiki,CF,3.8678,17.9892,1585238947.0,100.0,35.0,93.87,3.69
343,khorramshahr,IR,30.4397,48.1664,1585238943.0,15.0,53.0,75.2,9.17
344,hami,CN,42.8,93.45,1585238948.0,49.0,19.0,40.59,4.99
346,awbari,LY,26.5921,12.7805,1585238958.0,0.0,22.0,74.61,18.1
347,santa flavia,IT,38.085,13.5351,1585239087.0,75.0,76.0,51.8,28.86
349,saint-philippe,RE,-21.3585,55.7679,1585238728.0,0.0,74.0,78.8,8.05
350,avera,US,33.194,-82.5271,1585239310.0,1.0,60.0,68.0,6.93
351,rojhan,PK,28.6868,69.9534,1585238729.0,100.0,66.0,67.23,15.57
352,nieuw amsterdam,SR,5.8833,-55.0833,1585239263.0,40.0,58.0,87.8,4.7
353,chara,RU,56.9064,118.2631,1585239054.0,100.0,70.0,0.09,4.12
355,berlevag,NO,70.8578,29.0864,1585238726.0,40.0,74.0,35.6,24.16
356,lavrentiya,RU,65.5833,-171.0,1585239300.0,100.0,94.0,14.67,12.15
357,kapoeta,SS,4.7717,33.5903,1585238710.0,78.0,26.0,95.67,5.48
358,bellefontaine,US,40.3612,-83.7597,1585239345.0,1.0,82.0,60.8,12.75
359,ilhabela,BR,-23.7781,-45.3581,1585239272.0,0.0,70.0,75.87,9.08
360,ilebo,CD,-4.3167,20.5833,1585238943.0,100.0,93.0,76.59,3.15
361,port keats,AU,-14.25,129.55,1585239059.0,0.0,73.0,81.81,5.26
362,ende,ID,-8.8432,121.6623,1585238954.0,100.0,77.0,83.25,6.76
363,kalmunai,LK,7.4167,81.8167,1585238949.0,89.0,69.0,82.71,10.94
364,fereydun kenar,IR,36.6864,52.5225,1585238943.0,75.0,87.0,55.4,4.7
365,puksoozero,RU,62.5903,40.6066,1585238713.0,0.0,87.0,36.27,7.11
366,banda aceh,ID,5.5577,95.3222,1585238949.0,100.0,91.0,75.15,3.85
367,aranos,NA,-24.1333,19.1167,1585239262.0,0.0,18.0,87.93,6.49
368,sagaing,MM,21.8787,95.9797,1585238953.0,20.0,47.0,77.0,5.32
370,yinchuan,CN,38.4681,106.2731,1585238949.0,18.0,17.0,41.0,3.0
371,kavieng,PG,-2.5744,150.7967,1585239059.0,100.0,79.0,82.71,15.21
372,hun,LY,29.1268,15.9477,1585238958.0,71.0,38.0,67.95,14.34
373,oktyabrskoye,RU,43.0645,44.7417,1585238714.0,90.0,76.0,48.2,2.24
374,fort nelson,CA,58.8053,-122.7002,1585239371.0,90.0,89.0,32.0,14.99
375,bloomingdale,US,27.8936,-82.2404,1585239301.0,40.0,61.0,84.99,6.93
376,port-gentil,GA,-0.7193,8.7815,1585238957.0,20.0,79.0,84.2,4.7
377,santa cruz de la palma,ES,28.6835,-17.7642,1585238955.0,20.0,56.0,69.8,6.93
378,san luis,AR,-33.295,-66.3356,1585239291.0,0.0,51.0,73.71,0.69
379,toppenish,US,46.3774,-120.3087,1585239363.0,1.0,64.0,42.01,3.36
380,luanda,AO,-8.8368,13.2343,1585238942.0,20.0,62.0,86.0,10.29
381,baruun-urt,MN,46.6806,113.2792,1585238957.0,67.0,34.0,19.35,7.7
382,great yarmouth,GB,52.6083,1.7305,1585238958.0,99.0,39.0,51.01,11.41
383,grand gaube,MU,-20.0064,57.6608,1585238728.0,40.0,78.0,80.6,6.93
384,shingu,JP,33.7333,135.9833,1585238956.0,100.0,89.0,62.91,14.14
385,padang,ID,-0.9492,100.3543,1585238896.0,100.0,97.0,68.49,3.56
386,vostok,RU,46.4856,135.8833,1585239051.0,100.0,99.0,33.75,1.7
387,miri,MY,4.4148,114.0089,1585238955.0,75.0,94.0,80.6,4.7
388,cristinapolis,BR,-11.4756,-37.7553,1585239272.0,100.0,66.0,85.05,11.86
389,mega,ET,4.05,38.3,1585238709.0,100.0,76.0,72.63,6.38
390,broken hill,AU,-31.95,141.4333,1585238943.0,34.0,31.0,59.0,5.77
391,waingapu,ID,-9.6567,120.2641,1585238954.0,98.0,75.0,84.69,8.05
393,ulladulla,AU,-35.35,150.4667,1585239062.0,75.0,100.0,61.0,4.7
394,sitka,US,57.0531,-135.33,1585239362.0,90.0,93.0,37.4,4.97
395,codajas,BR,-3.8367,-62.0569,1585239286.0,1.0,48.0,94.77,2.68
396,san carlos de bariloche,AR,-41.1456,-71.3082,1585239478.0,0.0,42.0,66.2,2.24
397,lakes entrance,AU,-37.8811,147.981,1585239067.0,0.0,92.0,44.01,11.27
398,soledade,BR,-28.8183,-52.5103,1585239268.0,24.0,34.0,84.15,3.02
399,abalak,RU,58.1286,68.5944,1585238734.0,100.0,96.0,32.31,14.54
400,havre-saint-pierre,CA,50.2334,-63.5986,1585239371.0,1.0,55.0,33.8,11.41
401,loharu,IN,28.45,75.8167,1585238731.0,100.0,57.0,71.37,0.38
402,arlit,NE,18.7369,7.3853,1585239078.0,0.0,7.0,91.71,14.67
403,tlapacoyan,MX,19.9667,-97.2167,1585239277.0,0.0,46.0,81.09,2.84
404,hudiksvall,SE,61.729,17.1036,1585239108.0,100.0,60.0,51.01,1.01
406,doliana,GR,39.9032,20.5794,1585238724.0,100.0,43.0,55.4,10.29
407,yulara,AU,-25.2406,130.9889,1585239382.0,33.0,28.0,80.6,10.29
409,lerwick,GB,60.1545,-1.1494,1585239096.0,20.0,81.0,46.4,9.17
410,filadelfia,US,39.9523,-75.1638,1585239323.0,40.0,61.0,54.0,3.36
411,mehamn,NO,71.0357,27.8492,1585238726.0,40.0,74.0,37.4,24.16
412,shimoda,JP,34.6667,138.95,1585238956.0,100.0,83.0,53.01,13.67
413,san fernando,PH,15.0286,120.6898,1585238954.0,40.0,69.0,82.99,4.7
414,russellville,US,35.2784,-93.1338,1585239301.0,1.0,83.0,71.01,12.75
415,bongor,TD,10.2806,15.3722,1585238959.0,100.0,27.0,96.21,7.36
416,conceicao da barra,BR,-18.5933,-39.7322,1585239272.0,24.0,66.0,78.57,14.76
417,xinzhi,CN,36.4989,111.7047,1585238949.0,100.0,71.0,41.67,7.27
418,reyes,BO,-14.3167,-67.3833,1585239295.0,100.0,69.0,85.05,2.46
419,taiyuan,CN,37.8694,112.5603,1585238908.0,100.0,34.0,37.4,11.18
420,vrangel,RU,42.7297,133.0839,1585238957.0,67.0,87.0,39.33,4.79
421,prieska,ZA,-29.6641,22.7474,1585238728.0,0.0,13.0,81.45,10.11
422,terrace,CA,54.5163,-128.6035,1585239374.0,90.0,93.0,35.6,19.46
423,kamennogorsk,RU,60.9545,29.1339,1585238714.0,70.0,57.0,48.2,9.17
424,mariestad,SE,58.7097,13.8237,1585239108.0,0.0,28.0,55.4,6.93
425,khandyga,RU,62.6667,135.6,1585239057.0,100.0,92.0,20.61,3.58
426,castanos,MX,26.7833,-101.4167,1585239300.0,0.0,64.0,77.49,3.13
427,mayo,US,38.8876,-76.5119,1585239311.0,75.0,76.0,55.0,13.87
428,matara,LK,5.9485,80.5353,1585238949.0,100.0,70.0,79.47,9.62
429,lorengau,PG,-2.0226,147.2712,1585239059.0,100.0,80.0,81.81,13.82
430,sabha,LY,27.0377,14.4283,1585238958.0,0.0,22.0,75.87,21.43
431,deori khas,IN,23.4,79.0167,1585238952.0,47.0,33.0,83.25,2.77
432,beloomut,RU,54.9448,39.3394,1585238716.0,0.0,55.0,47.07,5.48
433,chany,RU,55.3121,76.7647,1585238734.0,86.0,84.0,21.15,18.88
434,ikwiriri,TZ,-7.9562,38.9716,1585238705.0,100.0,92.0,80.19,4.03
435,yate,GB,51.5407,-2.4184,1585238959.0,0.0,28.0,59.0,13.87
436,freeport,US,40.6576,-73.5832,1585239345.0,20.0,62.0,52.0,9.17
437,ketchikan,US,55.3422,-131.6461,1585239362.0,90.0,100.0,41.0,5.82
438,dehloran,IR,32.6941,47.2679,1585238943.0,100.0,36.0,72.99,7.92
439,flin flon,CA,54.7682,-101.865,1585239371.0,75.0,79.0,21.2,5.82
440,zhigansk,RU,66.7697,123.3711,1585239051.0,100.0,90.0,-6.57,17.76
441,yar-sale,RU,66.8333,70.8333,1585238733.0,80.0,87.0,28.53,14.61
442,saskylakh,RU,71.9167,114.0833,1585239051.0,0.0,95.0,-6.93,8.72
443,leningradskiy,RU,69.3833,178.4167,1585239059.0,92.0,96.0,-13.95,5.19
444,sao filipe,CV,14.8961,-24.4956,1585239263.0,0.0,76.0,67.41,22.03
445,yuksekova,TR,37.5736,44.2872,1585238943.0,75.0,70.0,48.2,4.7
446,quatre cocos,MU,-20.2078,57.7625,1585238729.0,40.0,78.0,80.6,6.93
447,koumac,NC,-20.5667,164.2833,1585239060.0,13.0,92.0,69.21,5.01
448,kilakarai,IN,9.2333,78.7833,1585238949.0,100.0,71.0,84.33,23.17
449,yokadouma,CM,3.5167,15.05,1585239073.0,100.0,43.0,89.91,2.26
450,marstal,DK,54.8562,10.5173,1585239093.0,0.0,31.0,48.2,12.75
451,ponta do sol,PT,32.6667,-17.1,1585239073.0,75.0,72.0,62.6,5.82
452,korla,CN,41.7597,86.1469,1585238948.0,83.0,39.0,31.77,3.2
453,verkhoyansk,RU,67.5447,133.385,1585239051.0,100.0,93.0,-4.23,4.05
454,husavik,IS,66.0449,-17.3389,1585239093.0,75.0,51.0,35.6,13.87
455,polovinnoye,RU,54.7914,65.9864,1585238733.0,100.0,88.0,29.61,19.55
456,darnah,LY,32.767,22.6367,1585238942.0,65.0,81.0,60.93,24.47
457,litovko,RU,49.2361,135.1742,1585239051.0,68.0,86.0,30.87,10.11
458,roald,NO,62.5833,6.1333,1585239241.0,75.0,70.0,48.2,20.8
459,okha,RU,53.5739,142.9478,1585238958.0,86.0,98.0,20.97,8.81
460,letterkenny,IE,54.95,-7.7333,1585238960.0,100.0,70.0,48.2,13.87
463,shakhtinsk,KZ,49.71,72.5872,1585238734.0,0.0,92.0,23.0,4.47
464,makat,KZ,47.6469,53.3463,1585238717.0,0.0,27.0,49.41,3.49
465,kolarovo,SK,47.9229,17.9847,1585239218.0,93.0,40.0,53.6,12.75
466,pakxan,LA,18.3778,103.6601,1585238954.0,0.0,56.0,77.67,4.34
467,northam,GB,51.0333,-4.2167,1585239095.0,0.0,35.0,57.2,11.41
468,aitape,PG,-3.1374,142.3475,1585239059.0,100.0,75.0,82.35,5.5
469,pangnirtung,CA,66.1451,-65.7125,1585239372.0,90.0,53.0,-2.2,3.36
471,gastello,RU,49.1167,142.9667,1585239059.0,54.0,84.0,27.63,8.43
472,ystad,SE,55.4297,13.8204,1585238961.0,0.0,24.0,45.0,9.17
473,sebinkarahisar,TR,40.2883,38.4236,1585238947.0,84.0,92.0,35.73,2.19
474,valparaiso,CL,-33.0393,-71.6273,1585239295.0,90.0,100.0,59.0,4.7
475,araioses,BR,-2.89,-41.9031,1585239267.0,40.0,70.0,87.8,3.36
476,maningrida,AU,-12.0667,134.2667,1585239059.0,100.0,82.0,80.91,13.0
477,hirado,JP,33.3597,129.5531,1585238957.0,100.0,95.0,62.01,8.01
478,kemijarvi,FI,66.7131,27.4306,1585238718.0,0.0,81.0,33.21,11.01
479,elko,US,41.0002,-115.5012,1585239362.0,1.0,68.0,32.0,8.19
480,byron bay,AU,-28.65,153.6167,1585239072.0,90.0,93.0,66.99,6.93
481,atambua,ID,-9.1061,124.8925,1585238954.0,100.0,89.0,75.33,2.06
482,sola,VU,-13.8833,167.55,1585239060.0,78.0,75.0,83.79,8.14
483,pulandian,CN,39.3953,121.9669,1585238949.0,75.0,60.0,42.8,11.18
484,darhan,MN,49.4867,105.9228,1585238957.0,59.0,36.0,21.33,3.02
485,wajima,JP,37.4,136.9,1585238746.0,0.0,56.0,53.37,11.39
486,bundu,IN,23.1833,85.5833,1585238952.0,0.0,50.0,77.0,5.32
487,asau,RO,46.4333,26.4,1585238721.0,0.0,33.0,57.2,6.93
488,valdivia,CL,-39.8142,-73.2459,1585239295.0,0.0,68.0,64.4,2.24
489,jumla,NP,29.2747,82.1838,1585238733.0,100.0,63.0,46.71,2.62
491,corlu,TR,41.1592,27.8,1585238947.0,75.0,81.0,48.0,26.4
492,erenhot,CN,43.6475,111.9767,1585238949.0,0.0,21.0,26.91,6.38
493,takanabe,JP,32.1333,131.5,1585238956.0,100.0,87.0,63.45,9.42
494,novorzhev,RU,57.0294,29.3338,1585238714.0,0.0,51.0,47.07,5.97
496,abu dhabi,AE,24.4667,54.3667,1585238942.0,92.0,69.0,75.0,8.05
497,yugo-kamskiy,RU,57.7053,55.5894,1585238711.0,100.0,69.0,37.4,8.95
498,sabang,ID,5.8933,95.3214,1585238949.0,100.0,68.0,85.05,5.68
499,alta floresta,BR,-9.8756,-56.0861,1585239381.0,75.0,59.0,91.4,3.36
500,olafsvik,IS,64.8945,-23.7142,1585239268.0,88.0,61.0,33.93,17.74
501,danielskuil,ZA,-28.1887,23.5395,1585238728.0,2.0,17.0,76.05,11.3
502,langsa,ID,4.4683,97.9683,1585238949.0,100.0,86.0,78.57,2.82
503,alvaraes,BR,-3.2208,-64.8042,1585239286.0,40.0,94.0,80.6,2.24
504,laizhou,CN,37.1823,119.9325,1585238949.0,100.0,39.0,42.03,14.18
505,kuching,MY,1.55,110.3333,1585238955.0,40.0,100.0,75.2,2.24
506,guelph,CA,43.5501,-80.2497,1585239371.0,90.0,71.0,57.0,16.11
507,miraflores,MX,19.2167,-98.8083,1585239291.0,5.0,29.0,78.8,3.36
508,chaihe,CN,44.7667,129.7,1585238948.0,100.0,51.0,28.35,7.9
509,kieta,PG,-6.2167,155.6333,1585239059.0,100.0,83.0,79.65,3.33
510,eugene,US,44.0521,-123.0867,1585239362.0,1.0,93.0,37.99,2.17
511,sorland,NO,67.667,12.6934,1585239241.0,75.0,86.0,41.0,24.16
512,manicore,BR,-5.8092,-61.3003,1585239286.0,75.0,79.0,86.0,8.05
513,ironton,US,38.5368,-82.6829,1585239323.0,1.0,59.0,63.0,6.93
514,baykit,RU,61.67,96.37,1585238734.0,100.0,94.0,24.93,8.95
515,sydney,AU,-33.8679,151.2073,1585238892.0,75.0,100.0,64.99,2.24
516,ust-nera,RU,64.5667,143.2,1585239059.0,100.0,94.0,2.97,7.85
517,oum hadjer,TD,13.2954,19.6966,1585238959.0,0.0,7.0,107.55,7.31
518,okhotsk,RU,59.3833,143.3,1585239059.0,0.0,77.0,15.03,2.24
519,longyearbyen,SJ,78.2186,15.6401,1585238961.0,75.0,65.0,8.6,8.05
520,saint-paul,RE,-21.0096,55.2707,1585238948.0,57.0,74.0,78.8,16.11
521,volosovo,RU,59.4333,29.4833,1585238712.0,20.0,56.0,44.6,6.71
523,sao joao da barra,BR,-21.6403,-41.0511,1585239269.0,75.0,78.0,78.8,11.41
524,boa vista,BR,2.8197,-60.6733,1585239286.0,20.0,38.0,93.2,12.75
525,sikasso,ML,10.9167,-7.0,1585239078.0,57.0,24.0,100.17,2.04
526,mangrol,IN,21.1167,70.1167,1585238950.0,89.0,69.0,78.57,25.88
527,bubaque,GW,11.2833,-15.8333,1585239077.0,34.0,59.0,79.29,12.03
528,taixing,CN,32.1667,120.0136,1585238949.0,100.0,96.0,55.99,3.0
529,lethem,GY,3.3803,-59.7968,1585239263.0,8.0,42.0,91.53,14.12
530,aksu,CN,41.1231,80.2644,1585238948.0,100.0,27.0,49.05,7.65
531,meulaboh,ID,4.1363,96.1285,1585238949.0,100.0,75.0,81.63,8.81
532,taree,AU,-31.9,152.4667,1585238943.0,41.0,100.0,63.0,6.93
533,batsfjord,NO,70.6345,29.7185,1585238726.0,75.0,64.0,37.4,21.92
534,marzuq,YE,14.4,46.4667,1585238704.0,5.0,55.0,76.23,17.18
535,san pedro de macoris,DO,18.4616,-69.2972,1585239277.0,75.0,78.0,84.99,4.7
536,granja,BR,-3.1203,-40.8261,1585239267.0,95.0,81.0,85.23,2.53
537,lasa,IT,46.6166,10.7002,1585239249.0,75.0,42.0,48.2,5.82
538,cartagena del chaira,CO,1.3349,-74.8429,1585239291.0,97.0,58.0,90.27,1.86
539,ucluelet,CA,48.9329,-125.5528,1585239374.0,90.0,100.0,44.01,2.24
540,san rafael,AR,-34.6177,-68.3301,1585239291.0,0.0,38.0,70.65,7.47
541,tocache,PE,-8.1842,-76.5125,1585239291.0,1.0,57.0,82.71,1.05
543,sovetskiy,RU,61.3614,63.5842,1585238953.0,66.0,84.0,31.77,9.24
544,santiago del estero,AR,-27.7951,-64.2615,1585239291.0,100.0,85.0,64.71,4.52
545,rockport,US,28.0206,-97.0544,1585239330.0,90.0,65.0,81.0,10.29
546,bushehr,IR,28.9684,50.8385,1585238943.0,20.0,49.0,71.6,4.7
547,vysha,RU,53.8477,42.3777,1585238711.0,0.0,64.0,44.01,5.17
548,paralimni,CY,35.0375,33.9833,1585238704.0,100.0,72.0,66.2,3.36
551,balkanabat,TM,39.5108,54.3671,1585238943.0,0.0,20.0,53.73,6.73
552,nishihara,JP,26.1842,127.7558,1585239047.0,75.0,83.0,73.4,13.87
554,labuhan,ID,-6.8844,112.2051,1585239501.0,38.0,90.0,77.49,1.79
555,tommot,RU,58.9564,126.2925,1585239051.0,100.0,95.0,-0.63,6.6
556,zhigalovo,RU,54.8097,105.1578,1585239051.0,49.0,95.0,8.37,2.71
557,irbit,RU,57.6705,63.071,1585238953.0,100.0,97.0,32.85,14.54
559,vestmannaeyjar,IS,63.4427,-20.2734,1585239268.0,20.0,63.0,35.6,24.16
560,fare,PF,-16.7,-151.0167,1585239300.0,82.0,67.0,83.43,10.47
561,portel,BR,-1.9356,-50.8211,1585239263.0,77.0,61.0,87.21,3.67
562,tucuma,BR,-0.1833,-50.05,1585239263.0,37.0,80.0,82.35,4.54
563,verkhnevilyuysk,RU,63.4453,120.3167,1585239051.0,100.0,95.0,-1.53,4.88
566,krasnovishersk,RU,60.4078,57.082,1585238945.0,95.0,93.0,33.21,8.14
567,manyana,BW,-23.4,21.7167,1585238728.0,51.0,20.0,88.11,7.72
568,karpogory,RU,64.0019,44.4451,1585238714.0,0.0,81.0,32.85,8.14
569,likasi,CD,-10.9814,26.7333,1585238947.0,87.0,91.0,72.99,3.15
570,tikrit,IQ,34.6071,43.6782,1585238942.0,100.0,47.0,71.37,4.54
571,thanh hoa,VN,19.8,105.7667,1585238953.0,6.0,92.0,75.33,11.63
572,shreveport,US,32.5251,-93.7502,1585239311.0,1.0,69.0,77.0,16.11
573,monrovia,LR,6.3005,-10.7969,1585238958.0,75.0,63.0,91.4,11.41
574,nantucket,US,41.2835,-70.0995,1585239336.0,1.0,61.0,46.4,25.28
575,lander,US,42.833,-108.7307,1585239363.0,1.0,64.0,39.0,18.34
576,elizabeth city,US,36.2946,-76.2511,1585239314.0,75.0,62.0,55.0,5.82
577,nyurba,RU,63.2842,118.3319,1585239051.0,100.0,96.0,-1.89,3.11
578,faanui,PF,-16.4833,-151.75,1585239300.0,21.0,69.0,83.61,11.7
579,touros,BR,-5.1989,-35.4608,1585239263.0,40.0,55.0,89.6,10.29
581,westport,US,41.1415,-73.3579,1585239331.0,1.0,56.0,52.0,11.41
583,zhangye,CN,38.9342,100.4517,1585238949.0,32.0,17.0,39.69,4.52
584,kirksville,US,40.1948,-92.5833,1585239344.0,90.0,87.0,51.8,10.29
585,kudahuvadhoo,MV,2.6708,72.8944,1585238733.0,27.0,71.0,84.33,11.61
587,souillac,MU,-20.5167,57.5167,1585238728.0,40.0,78.0,80.6,6.93
588,miandrivazo,MG,-19.5167,45.4667,1585238948.0,12.0,77.0,82.17,5.12
589,aripuana,BR,-9.1667,-60.6333,1585239286.0,71.0,79.0,84.87,3.6
590,dubbo,AU,-32.25,148.6167,1585238943.0,59.0,82.0,59.0,10.29
591,dauphin,CA,51.1494,-100.0502,1585239371.0,90.0,80.0,30.2,10.29
592,buala,SB,-8.145,159.5921,1585239059.0,100.0,75.0,80.01,3.36
593,suntar,RU,62.1444,117.6319,1585239051.0,100.0,96.0,4.95,2.84
594,biak,ID,-0.9131,122.8766,1585238954.0,33.0,75.0,82.53,5.23
595,weymouth,US,42.2209,-70.9398,1585239337.0,20.0,48.0,48.0,8.05
596,nogliki,RU,51.8333,143.1667,1585239059.0,68.0,98.0,19.17,6.17
597,sibu,MY,2.3,111.8167,1585238955.0,75.0,100.0,75.2,2.24
598,ossora,RU,59.2353,163.0719,1585239059.0,48.0,96.0,24.93,6.96
599,beringovskiy,RU,63.05,179.3167,1585239059.0,100.0,96.0,29.79,5.86
600,jodhpur,IN,26.2867,73.03,1585238951.0,100.0,56.0,72.99,4.65
601,paamiut,GL,61.994,-49.6678,1585239268.0,75.0,57.0,16.65,10.54
602,melton,AU,-37.6833,144.5833,1585238943.0,75.0,87.0,61.0,6.93
603,luena,AO,-11.7833,19.9167,1585239262.0,100.0,75.0,72.99,4.18
605,gandai,IN,21.6667,81.1,1585238732.0,5.0,24.0,90.09,2.33
606,brezice,SI,45.9033,15.5911,1585239258.0,90.0,80.0,41.0,6.93
607,maltahohe,NA,-24.8333,16.9833,1585239263.0,64.0,14.0,85.23,3.56
608,guaymas,MX,27.9333,-110.9,1585239300.0,75.0,49.0,71.01,6.8
609,olinda,BR,-8.0089,-34.8553,1585239263.0,40.0,62.0,87.8,9.17
611,raudeberg,NO,61.9875,5.1352,1585239241.0,20.0,75.0,48.2,10.29
612,lyaskelya,RU,61.7667,31.0167,1585238711.0,95.0,75.0,41.31,5.64
613,hokitika,NZ,-42.7167,170.9667,1585239073.0,77.0,81.0,54.09,7.74
615,rio grande,BR,-32.035,-52.0986,1585239269.0,20.0,54.0,84.2,6.93
616,nouakchott,MR,18.0858,-15.9785,1585238959.0,0.0,39.0,78.8,16.11
617,high level,CA,58.5169,-117.136,1585239371.0,90.0,73.0,24.8,5.82
618,yayva,RU,59.3303,57.2641,1585238712.0,100.0,68.0,34.0,3.0
619,lazaro cardenas,MX,17.9583,-102.2,1585239300.0,0.0,56.0,80.91,1.41
620,sibolga,ID,1.7427,98.7792,1585238949.0,100.0,97.0,72.99,1.7
621,lithgow,AU,-33.4833,150.15,1585239067.0,75.0,100.0,60.01,2.24
622,curti,IN,15.4167,74.0167,1585238732.0,20.0,79.0,84.2,6.93
623,lompoc,US,34.6391,-120.4579,1585239356.0,75.0,81.0,48.99,8.39
624,acarau,BR,-2.8856,-40.12,1585239268.0,100.0,65.0,89.37,1.66
625,imbituba,BR,-28.24,-48.6703,1585239272.0,57.0,69.0,82.4,12.75
